min_vind,maks_vind,tot_nedbør,min_temp,maks_temp
0.7,7.2,112.4,-7.6,-2.3
1.0,8.7,119.89999999999999,-11.6,-2.3
1.7,10.9,219.09999999999997,-2.9,0
1.2,7.6,87.9,-2.8,0
1.5,5.7,53.5,1.1,0
2.0,5.5,109.10000000000001,9.1,0
1.8,4.0,105.69999999999999,9.0,0
1.7,7.1,66.7,8.1,0
1.3,7.2,180.0,6.5,0
1.2,8.2,641.4000000000001,-0.3,0
