Måned,Svakaste vind,Sterkaste vind,Totalnedbør,Laveste temp,Høyeste temp
januar,0.7,7.2,112.4,-7.6,9.3
februar,1.0,8.7,119.89999999999999,-11.6,11.6
mars,1.7,10.9,219.09999999999997,-2.9,11.5
april,1.2,7.6,87.9,-2.8,19.1
mai,1.5,5.7,53.5,1.1,21.6
juni,2.0,5.5,109.10000000000001,9.1,25.6
juli,1.8,4.0,105.69999999999999,9.0,28.8
august,1.7,7.1,66.7,8.1,26.0
september,1.3,7.2,180.0,6.5,22.4
oktober,1.2,8.2,641.4000000000001,-0.3,16.4
